Title,Price,Rating,Color,Size,Gender,Timestamp
Pants 1000,2938240.0,4.7,3,XXL,Men,2025-05-19 19:04:47.835
Hoodie 999,8534240.0,4.8,3,XL,Unisex,2025-05-19 19:04:47.835
T-shirt 998,908000.0,4.2,3,L,Women,2025-05-19 19:04:47.835
Crewneck 997,5321280.0,3.9,3,M,Men,2025-05-19 19:04:47.835
Jacket 996,6942400.0,4.3,3,S,Unisex,2025-05-19 19:04:47.835
Outerwear 995,8046720.0,3.2,3,XXL,Women,2025-05-19 19:04:47.835
Pants 994,1693760.0,4.4,3,XL,Men,2025-05-19 19:04:47.835
Hoodie 993,6361920.0,3.4,3,L,Unisex,2025-05-19 19:04:47.835
T-shirt 992,4840480.0,4.9,3,M,Women,2025-05-19 19:04:47.835
Jacket 990,3327360.0,4.2,3,XXL,Unisex,2025-05-19 19:04:47.835
Outerwear 989,6869440.0,4.2,3,XL,Women,2025-05-19 19:04:47.835
Jacket 984,7349440.0,3.8,3,XL,Unisex,2025-05-19 19:04:47.834
Pants 982,7281760.0,4.9,3,M,Men,2025-05-19 19:04:47.834
Outerwear 983,5762560.0,3.2,3,L,Women,2025-05-19 19:04:47.834
Crewneck 985,6236000.0,4.3,3,XXL,Men,2025-05-19 19:04:47.834
T-shirt 986,6713760.0,4.5,3,S,Women,2025-05-19 19:04:47.834
Hoodie 987,4008000.0,4.7,3,M,Unisex,2025-05-19 19:04:47.834
Pants 988,2054240.0,3.5,3,L,Men,2025-05-19 19:04:47.834
T-shirt 980,6544000.0,3.1,3,XXL,Women,2025-05-19 19:04:46.545
Crewneck 979,4848480.0,3.4,3,XL,Men,2025-05-19 19:04:46.545
Jacket 978,3918240.0,3.6,3,L,Unisex,2025-05-19 19:04:46.545
Outerwear 977,3356000.0,3.6,3,M,Women,2025-05-19 19:04:46.545
Hoodie 975,4816000.0,3.6,3,XXL,Unisex,2025-05-19 19:04:46.545
T-shirt 974,4769280.0,3.0,3,XL,Women,2025-05-19 19:04:46.545
Crewneck 967,1744000.0,3.5,3,M,Men,2025-05-19 19:04:46.544
T-shirt 962,2887840.0,4.1,3,M,Women,2025-05-19 19:04:46.544
Hoodie 963,7916160.0,4.6,3,L,Unisex,2025-05-19 19:04:46.544
Pants 964,3885280.0,3.3,3,XL,Men,2025-05-19 19:04:46.544
Outerwear 965,3107200.0,4.5,3,XXL,Women,2025-05-19 19:04:46.544
Jacket 966,8499520.0,4.9,3,S,Unisex,2025-05-19 19:04:46.544
Hoodie 969,4231840.0,3.8,3,XL,Unisex,2025-05-19 19:04:46.544
T-shirt 968,4045120.0,4.4,3,L,Women,2025-05-19 19:04:46.544
Pants 970,952960.0,4.6,3,XXL,Men,2025-05-19 19:04:46.544
Jacket 972,7272000.0,4.4,3,M,Unisex,2025-05-19 19:04:46.544
Crewneck 973,7134400.0,3.9,3,L,Men,2025-05-19 19:04:46.544
Crewneck 955,7006560.0,4.7,3,XXL,Men,2025-05-19 19:04:45.422
Crewneck 949,1844320.0,4.4,3,XL,Men,2025-05-19 19:04:45.422
T-shirt 950,7691680.0,4.9,3,XXL,Women,2025-05-19 19:04:45.422
Pants 952,7155040.0,3.7,3,M,Men,2025-05-19 19:04:45.422
Jacket 954,3878720.0,4.1,3,XL,Unisex,2025-05-19 19:04:45.422
Outerwear 953,8423200.0,3.8,3,L,Women,2025-05-19 19:04:45.422
T-shirt 956,4457600.0,3.1,3,S,Women,2025-05-19 19:04:45.422
Hoodie 957,4024320.0,4.4,3,M,Unisex,2025-05-19 19:04:45.422
Pants 958,3946240.0,4.8,3,L,Men,2025-05-19 19:04:45.422
Outerwear 959,6828480.0,4.6,3,XL,Women,2025-05-19 19:04:45.422
Jacket 960,5840160.0,4.5,3,XXL,Unisex,2025-05-19 19:04:45.422
Jacket 948,4600480.0,3.9,3,L,Unisex,2025-05-19 19:04:45.421
Outerwear 947,7079680.0,4.6,3,M,Women,2025-05-19 19:04:45.421
Hoodie 945,2107680.0,4.2,3,XXL,Unisex,2025-05-19 19:04:45.421
T-shirt 944,1578240.0,4.6,3,XL,Women,2025-05-19 19:04:45.421
Crewneck 943,4571040.0,4.4,3,L,Men,2025-05-19 19:04:45.421
Jacket 942,7972960.0,3.0,3,M,Unisex,2025-05-19 19:04:45.421
Jacket 936,6165440.0,3.1,3,S,Unisex,2025-05-19 19:04:44.297
Hoodie 933,4960800.0,3.4,3,L,Unisex,2025-05-19 19:04:44.297
Pants 934,2248160.0,3.6,3,XL,Men,2025-05-19 19:04:44.297
Outerwear 935,6048000.0,4.1,3,XXL,Women,2025-05-19 19:04:44.297
T-shirt 938,4058400.0,3.6,3,L,Women,2025-05-19 19:04:44.297
Crewneck 937,2475360.0,4.1,3,M,Men,2025-05-19 19:04:44.297
Hoodie 939,4466080.0,4.8,3,XL,Unisex,2025-05-19 19:04:44.297
Pants 940,5776000.0,3.7,3,XXL,Men,2025-05-19 19:04:44.297
Hoodie 927,7706400.0,3.5,3,M,Unisex,2025-05-19 19:04:44.296
Pants 922,1210880.0,4.4,3,M,Men,2025-05-19 19:04:44.296
Jacket 924,3764320.0,3.8,3,XL,Unisex,2025-05-19 19:04:44.296
Crewneck 925,7900800.0,4.5,3,XXL,Men,2025-05-19 19:04:44.296
T-shirt 926,1911040.0,4.6,3,S,Women,2025-05-19 19:04:44.296
Outerwear 923,2435840.0,3.7,3,L,Women,2025-05-19 19:04:44.296
Pants 928,3911680.0,3.4,3,L,Men,2025-05-19 19:04:44.296
Outerwear 929,1253440.0,3.3,3,XL,Women,2025-05-19 19:04:44.296
Jacket 930,1741120.0,4.9,3,XXL,Unisex,2025-05-19 19:04:44.296
T-shirt 932,5937600.0,4.2,3,M,Women,2025-05-19 19:04:44.296
T-shirt 920,3706080.0,3.2,3,XXL,Women,2025-05-19 19:04:43.105
Crewneck 919,8364000.0,4.7,3,XL,Men,2025-05-19 19:04:43.105
Jacket 918,5380800.0,3.3,3,L,Unisex,2025-05-19 19:04:43.105
Outerwear 917,6061600.0,4.0,3,M,Women,2025-05-19 19:04:43.105
Hoodie 915,2649120.0,4.2,3,XXL,Unisex,2025-05-19 19:04:43.105
T-shirt 914,5799200.0,4.6,3,XL,Women,2025-05-19 19:04:43.105
Crewneck 913,3222240.0,3.5,3,L,Men,2025-05-19 19:04:43.105
Jacket 912,7853280.0,4.9,3,M,Unisex,2025-05-19 19:04:43.105
Outerwear 905,5027840.0,4.9,3,XXL,Women,2025-05-19 19:04:43.104
T-shirt 902,3164000.0,3.6,3,M,Women,2025-05-19 19:04:43.104
Hoodie 903,2617920.0,4.1,3,L,Unisex,2025-05-19 19:04:43.104
Pants 904,3356320.0,3.9,3,XL,Men,2025-05-19 19:04:43.104
Jacket 906,4301760.0,3.9,3,S,Unisex,2025-05-19 19:04:43.104
T-shirt 908,7954880.0,4.2,3,L,Women,2025-05-19 19:04:43.104
Hoodie 909,8383840.0,3.6,3,XL,Unisex,2025-05-19 19:04:43.104
Pants 910,2395200.0,4.7,3,XXL,Men,2025-05-19 19:04:43.104
Crewneck 907,8732640.0,4.9,3,M,Men,2025-05-19 19:04:43.104
Pants 892,8515360.0,4.4,3,M,Men,2025-05-19 19:04:41.982
T-shirt 896,7873760.0,4.9,3,S,Women,2025-05-19 19:04:41.982
Outerwear 893,2673600.0,3.2,3,L,Women,2025-05-19 19:04:41.982
Crewneck 895,1126720.0,4.3,3,XXL,Men,2025-05-19 19:04:41.982
Jacket 894,2946560.0,4.8,3,XL,Unisex,2025-05-19 19:04:41.982
Hoodie 897,6077920.0,3.1,3,M,Unisex,2025-05-19 19:04:41.982
Pants 898,8408640.0,4.1,3,L,Men,2025-05-19 19:04:41.982
Outerwear 899,6192960.0,4.8,3,XL,Women,2025-05-19 19:04:41.982
Jacket 900,7214240.0,3.3,3,XXL,Unisex,2025-05-19 19:04:41.982
T-shirt 890,6439040.0,4.7,3,XXL,Women,2025-05-19 19:04:41.981
Crewneck 889,6333920.0,4.6,3,XL,Men,2025-05-19 19:04:41.981
Jacket 888,7869280.0,4.2,3,L,Unisex,2025-05-19 19:04:41.981
Outerwear 887,7806400.0,3.8,3,M,Women,2025-05-19 19:04:41.981
Hoodie 885,4760640.0,3.4,3,XXL,Unisex,2025-05-19 19:04:41.981
T-shirt 884,7414720.0,4.3,3,XL,Women,2025-05-19 19:04:41.981
Crewneck 883,5901120.0,3.6,3,L,Men,2025-05-19 19:04:41.981
Jacket 882,6420960.0,3.3,3,M,Unisex,2025-05-19 19:04:41.981
T-shirt 872,1343680.0,4.3,3,M,Women,2025-05-19 19:04:40.848
Hoodie 873,8321600.0,4.8,3,L,Unisex,2025-05-19 19:04:40.848
Outerwear 875,2506720.0,4.6,3,XXL,Women,2025-05-19 19:04:40.848
Jacket 870,6395040.0,3.5,3,XXL,Unisex,2025-05-19 19:04:40.848
Outerwear 869,6040320.0,4.5,3,XL,Women,2025-05-19 19:04:40.848
Pants 874,2755200.0,4.4,3,XL,Men,2025-05-19 19:04:40.848
Hoodie 879,1026880.0,3.1,3,XL,Unisex,2025-05-19 19:04:40.848
Jacket 876,3225760.0,4.6,3,S,Unisex,2025-05-19 19:04:40.848
Pants 880,6497760.0,4.3,3,XXL,Men,2025-05-19 19:04:40.848
Crewneck 877,4552640.0,4.6,3,M,Men,2025-05-19 19:04:40.848
T-shirt 878,4809760.0,4.7,3,L,Women,2025-05-19 19:04:40.848
Pants 862,4131360.0,3.3,3,M,Men,2025-05-19 19:04:40.846
Pants 868,7473760.0,4.6,3,L,Men,2025-05-19 19:04:40.846
Hoodie 867,1303840.0,3.3,3,M,Unisex,2025-05-19 19:04:40.846
T-shirt 866,2399040.0,3.2,3,S,Women,2025-05-19 19:04:40.846
Crewneck 865,6805120.0,3.9,3,XXL,Men,2025-05-19 19:04:40.846
Jacket 864,2168000.0,4.5,3,XL,Unisex,2025-05-19 19:04:40.846
Outerwear 863,1071360.0,4.0,3,L,Women,2025-05-19 19:04:40.846
Outerwear 857,4532800.0,3.0,3,M,Women,2025-05-19 19:04:39.760
Crewneck 853,2643840.0,3.4,3,L,Men,2025-05-19 19:04:39.760
T-shirt 854,1600000.0,4.5,3,XL,Women,2025-05-19 19:04:39.760
Hoodie 855,3249760.0,5.0,3,XXL,Unisex,2025-05-19 19:04:39.760
Crewneck 859,6418560.0,3.0,3,XL,Men,2025-05-19 19:04:39.760
Jacket 858,3748640.0,3.7,3,L,Unisex,2025-05-19 19:04:39.760
T-shirt 860,2419360.0,4.7,3,XXL,Women,2025-05-19 19:04:39.760
Jacket 852,2777280.0,4.1,3,M,Unisex,2025-05-19 19:04:39.760
T-shirt 842,2859040.0,3.3,3,M,Women,2025-05-19 19:04:39.759
Hoodie 843,2997120.0,3.6,3,L,Unisex,2025-05-19 19:04:39.759
Jacket 846,7480480.0,3.6,3,S,Unisex,2025-05-19 19:04:39.759
Pants 844,7422880.0,3.9,3,XL,Men,2025-05-19 19:04:39.759
Outerwear 845,2023200.0,3.2,3,XXL,Women,2025-05-19 19:04:39.759
Crewneck 847,4789920.0,3.7,3,M,Men,2025-05-19 19:04:39.759
T-shirt 848,6134240.0,4.1,3,L,Women,2025-05-19 19:04:39.759
Hoodie 849,7816160.0,3.5,3,XL,Unisex,2025-05-19 19:04:39.759
Pants 850,4144160.0,4.2,3,XXL,Men,2025-05-19 19:04:39.759
Jacket 834,7223680.0,3.1,3,XL,Unisex,2025-05-19 19:04:38.683
Outerwear 827,7091040.0,4.8,3,M,Women,2025-05-19 19:04:38.683
Jacket 828,2324000.0,4.6,3,L,Unisex,2025-05-19 19:04:38.683
Crewneck 829,4630400.0,4.4,3,XL,Men,2025-05-19 19:04:38.683
T-shirt 830,4496480.0,3.0,3,XXL,Women,2025-05-19 19:04:38.683
Outerwear 833,7101280.0,3.0,3,L,Women,2025-05-19 19:04:38.683
Pants 832,3955360.0,4.6,3,M,Men,2025-05-19 19:04:38.683
Crewneck 835,7143360.0,3.9,3,XXL,Men,2025-05-19 19:04:38.683
T-shirt 836,6065440.0,4.1,3,S,Women,2025-05-19 19:04:38.683
Hoodie 837,5532640.0,5.0,3,M,Unisex,2025-05-19 19:04:38.683
Pants 838,2848800.0,3.1,3,L,Men,2025-05-19 19:04:38.683
Outerwear 839,4208320.0,3.9,3,XL,Women,2025-05-19 19:04:38.683
Jacket 840,8164640.0,3.6,3,XXL,Unisex,2025-05-19 19:04:38.683
Hoodie 825,1058400.0,3.8,3,XXL,Unisex,2025-05-19 19:04:38.682
T-shirt 824,3301440.0,4.1,3,XL,Women,2025-05-19 19:04:38.682
Crewneck 823,6103520.0,4.7,3,L,Men,2025-05-19 19:04:38.682
Jacket 822,838240.0,4.2,3,M,Unisex,2025-05-19 19:04:38.682
Pants 814,1110080.0,4.7,3,XL,Men,2025-05-19 19:04:37.589
Outerwear 809,7162560.0,3.7,3,XL,Women,2025-05-19 19:04:37.589
Jacket 810,3796640.0,4.8,3,XXL,Unisex,2025-05-19 19:04:37.589
T-shirt 812,6406080.0,4.2,3,M,Women,2025-05-19 19:04:37.589
Hoodie 813,4872800.0,5.0,3,L,Unisex,2025-05-19 19:04:37.589
Pants 808,8717760.0,3.2,3,L,Men,2025-05-19 19:04:37.589
Jacket 816,1649120.0,4.5,3,S,Unisex,2025-05-19 19:04:37.589
Outerwear 815,5985440.0,4.8,3,XXL,Women,2025-05-19 19:04:37.589
T-shirt 818,5160320.0,3.8,3,L,Women,2025-05-19 19:04:37.589
Hoodie 819,4742400.0,4.7,3,XL,Unisex,2025-05-19 19:04:37.589
Pants 820,6030720.0,3.4,3,XXL,Men,2025-05-19 19:04:37.589
Crewneck 817,8744160.0,4.4,3,M,Men,2025-05-19 19:04:37.589
Crewneck 805,3266720.0,4.8,3,XXL,Men,2025-05-19 19:04:37.588
Outerwear 803,1875360.0,4.3,3,L,Women,2025-05-19 19:04:37.588
Jacket 804,4459040.0,3.9,3,XL,Unisex,2025-05-19 19:04:37.588
Pants 802,5710240.0,4.4,3,M,Men,2025-05-19 19:04:37.588
T-shirt 806,7310560.0,3.0,3,S,Women,2025-05-19 19:04:37.588
Hoodie 807,5016000.0,4.7,3,M,Unisex,2025-05-19 19:04:37.588
T-shirt 800,7433280.0,4.6,3,XXL,Women,2025-05-19 19:04:36.415
Crewneck 799,4048800.0,4.2,3,XL,Men,2025-05-19 19:04:36.415
Jacket 798,4391040.0,3.4,3,L,Unisex,2025-05-19 19:04:36.415
Outerwear 797,2771360.0,4.9,3,M,Women,2025-05-19 19:04:36.415
Hoodie 795,4209600.0,3.9,3,XXL,Unisex,2025-05-19 19:04:36.415
T-shirt 794,5983040.0,4.0,3,XL,Women,2025-05-19 19:04:36.415
Crewneck 793,8650080.0,4.0,3,L,Men,2025-05-19 19:04:36.415
Jacket 792,4068960.0,3.8,3,M,Unisex,2025-05-19 19:04:36.415
T-shirt 782,4117440.0,4.5,3,M,Women,2025-05-19 19:04:36.414
Hoodie 783,2510720.0,3.0,3,L,Unisex,2025-05-19 19:04:36.414
Pants 784,5341280.0,3.0,3,XL,Men,2025-05-19 19:04:36.414
Outerwear 785,6444480.0,4.3,3,XXL,Women,2025-05-19 19:04:36.414
Jacket 786,6749280.0,5.0,3,S,Unisex,2025-05-19 19:04:36.414
Crewneck 787,4593600.0,4.7,3,M,Men,2025-05-19 19:04:36.414
Hoodie 789,2153280.0,4.0,3,XL,Unisex,2025-05-19 19:04:36.414
Pants 790,1708320.0,3.2,3,XXL,Men,2025-05-19 19:04:36.414
T-shirt 788,3041120.0,4.7,3,L,Women,2025-05-19 19:04:36.414
T-shirt 776,5333120.0,3.7,3,S,Women,2025-05-19 19:04:35.334
T-shirt 770,1655040.0,3.5,3,XXL,Women,2025-05-19 19:04:35.334
Pants 772,8748160.0,3.4,3,M,Men,2025-05-19 19:04:35.334
Jacket 774,1485760.0,4.1,3,XL,Unisex,2025-05-19 19:04:35.334
Crewneck 775,8189440.0,3.1,3,XXL,Men,2025-05-19 19:04:35.334
Outerwear 773,3393600.0,3.2,3,L,Women,2025-05-19 19:04:35.334
Hoodie 777,6104800.0,3.4,3,M,Unisex,2025-05-19 19:04:35.334
Pants 778,6034720.0,4.2,3,L,Men,2025-05-19 19:04:35.334
Outerwear 779,5816480.0,3.2,3,XL,Women,2025-05-19 19:04:35.334
Jacket 780,2767520.0,3.4,3,XXL,Unisex,2025-05-19 19:04:35.334
Crewneck 769,6294560.0,3.3,3,XL,Men,2025-05-19 19:04:35.333
Jacket 768,5662080.0,4.9,3,L,Unisex,2025-05-19 19:04:35.333
Outerwear 767,4152800.0,4.5,3,M,Women,2025-05-19 19:04:35.333
Hoodie 765,1343360.0,4.9,3,XXL,Unisex,2025-05-19 19:04:35.333
T-shirt 764,7211680.0,3.4,3,XL,Women,2025-05-19 19:04:35.333
Crewneck 763,5792640.0,3.9,3,L,Men,2025-05-19 19:04:35.333
Jacket 762,4091840.0,4.9,3,M,Unisex,2025-05-19 19:04:35.333
Jacket 756,7128000.0,3.1,3,S,Unisex,2025-05-19 19:04:34.197
T-shirt 752,7431520.0,3.8,3,M,Women,2025-05-19 19:04:34.197
Pants 754,7229760.0,3.1,3,XL,Men,2025-05-19 19:04:34.197
Outerwear 755,6910400.0,4.6,3,XXL,Women,2025-05-19 19:04:34.197
Hoodie 753,8137600.0,4.8,3,L,Unisex,2025-05-19 19:04:34.197
Crewneck 757,7582720.0,4.4,3,M,Men,2025-05-19 19:04:34.197
Hoodie 759,2779840.0,4.7,3,XL,Unisex,2025-05-19 19:04:34.197
T-shirt 758,6025920.0,3.1,3,L,Women,2025-05-19 19:04:34.197
Pants 760,2191040.0,4.1,3,XXL,Men,2025-05-19 19:04:34.197
T-shirt 746,1517440.0,5.0,3,S,Women,2025-05-19 19:04:34.196
Pants 742,5626080.0,3.6,3,M,Men,2025-05-19 19:04:34.196
Jacket 744,5175680.0,4.1,3,XL,Unisex,2025-05-19 19:04:34.196
Crewneck 745,2882560.0,3.8,3,XXL,Men,2025-05-19 19:04:34.196
Outerwear 743,5678080.0,3.0,3,L,Women,2025-05-19 19:04:34.196
Hoodie 747,6326880.0,4.7,3,M,Unisex,2025-05-19 19:04:34.196
Pants 748,3134080.0,3.7,3,L,Men,2025-05-19 19:04:34.196
Outerwear 749,2627360.0,3.2,3,XL,Women,2025-05-19 19:04:34.196
Jacket 750,1030400.0,3.7,3,XXL,Unisex,2025-05-19 19:04:34.196
T-shirt 740,7016640.0,3.4,3,XXL,Women,2025-05-19 19:04:33.110
Crewneck 739,8072960.0,3.3,3,XL,Men,2025-05-19 19:04:33.110
Jacket 738,1893920.0,3.7,3,L,Unisex,2025-05-19 19:04:33.110
Outerwear 737,1015680.0,4.7,3,M,Women,2025-05-19 19:04:33.110
Hoodie 735,4664320.0,4.0,3,XXL,Unisex,2025-05-19 19:04:33.110
T-shirt 734,6858560.0,4.2,3,XL,Women,2025-05-19 19:04:33.110
Crewneck 727,4024000.0,4.8,3,M,Men,2025-05-19 19:04:33.109
T-shirt 722,8724320.0,3.2,3,M,Women,2025-05-19 19:04:33.109
Hoodie 723,5664800.0,3.4,3,L,Unisex,2025-05-19 19:04:33.109
Pants 724,4824800.0,4.7,3,XL,Men,2025-05-19 19:04:33.109
Jacket 726,6345920.0,3.5,3,S,Unisex,2025-05-19 19:04:33.109
Outerwear 725,4979200.0,3.0,3,XXL,Women,2025-05-19 19:04:33.109
T-shirt 728,8173440.0,3.0,3,L,Women,2025-05-19 19:04:33.109
Pants 730,7228800.0,4.5,3,XXL,Men,2025-05-19 19:04:33.109
Jacket 732,6597600.0,3.9,3,M,Unisex,2025-05-19 19:04:33.109
Crewneck 733,1162880.0,4.7,3,L,Men,2025-05-19 19:04:33.109
Hoodie 729,6431360.0,3.6,3,XL,Unisex,2025-05-19 19:04:33.109
Jacket 720,2028320.0,3.8,3,XXL,Unisex,2025-05-19 19:04:32.022
Outerwear 719,3172960.0,4.7,3,XL,Women,2025-05-19 19:04:32.022
Pants 718,4057120.0,3.2,3,L,Men,2025-05-19 19:04:32.022
Hoodie 717,1532800.0,3.6,3,M,Unisex,2025-05-19 19:04:32.022
Outerwear 713,3142880.0,4.4,3,L,Women,2025-05-19 19:04:32.021
Crewneck 709,7022400.0,3.9,3,XL,Men,2025-05-19 19:04:32.021
T-shirt 710,3751520.0,3.2,3,XXL,Women,2025-05-19 19:04:32.021
Pants 712,1510400.0,4.1,3,M,Men,2025-05-19 19:04:32.021
Jacket 714,892320.0,3.1,3,XL,Unisex,2025-05-19 19:04:32.021
Crewneck 715,7021760.0,3.9,3,XXL,Men,2025-05-19 19:04:32.021
T-shirt 716,3602560.0,4.9,3,S,Women,2025-05-19 19:04:32.021
Jacket 708,8541280.0,4.3,3,L,Unisex,2025-05-19 19:04:32.020
Outerwear 707,7746240.0,4.4,3,M,Women,2025-05-19 19:04:32.020
Hoodie 705,3042880.0,3.1,3,XXL,Unisex,2025-05-19 19:04:32.020
T-shirt 704,6214240.0,4.1,3,XL,Women,2025-05-19 19:04:32.020
Crewneck 703,2949120.0,4.2,3,L,Men,2025-05-19 19:04:32.020
Jacket 702,4927680.0,4.3,3,M,Unisex,2025-05-19 19:04:32.020
Pants 700,3526560.0,4.3,3,XXL,Men,2025-05-19 19:04:30.934
Hoodie 699,5250240.0,4.5,3,XL,Unisex,2025-05-19 19:04:30.934
Hoodie 693,3031680.0,4.1,3,L,Unisex,2025-05-19 19:04:30.933
Pants 688,1487520.0,4.4,3,L,Men,2025-05-19 19:04:30.933
Outerwear 689,1939040.0,4.6,3,XL,Women,2025-05-19 19:04:30.933
Jacket 690,8782560.0,4.7,3,XXL,Unisex,2025-05-19 19:04:30.933
T-shirt 692,1416480.0,4.1,3,M,Women,2025-05-19 19:04:30.933
Outerwear 695,959360.0,3.3,3,XXL,Women,2025-05-19 19:04:30.933
Pants 694,2466720.0,3.4,3,XL,Men,2025-05-19 19:04:30.933
Jacket 696,5146240.0,4.2,3,S,Unisex,2025-05-19 19:04:30.933
Crewneck 697,6545120.0,5.0,3,M,Men,2025-05-19 19:04:30.933
T-shirt 698,2444960.0,4.1,3,L,Women,2025-05-19 19:04:30.933
Hoodie 687,4220800.0,4.7,3,M,Unisex,2025-05-19 19:04:30.932
T-shirt 686,5381760.0,3.8,3,S,Women,2025-05-19 19:04:30.932
Crewneck 685,1495840.0,4.6,3,XXL,Men,2025-05-19 19:04:30.932
Jacket 684,7102560.0,3.5,3,XL,Unisex,2025-05-19 19:04:30.932
Outerwear 683,3907360.0,3.6,3,L,Women,2025-05-19 19:04:30.932
Pants 682,7616480.0,3.9,3,M,Men,2025-05-19 19:04:30.932
Hoodie 675,4314880.0,3.2,3,XXL,Unisex,2025-05-19 19:04:29.851
Jacket 672,4776160.0,4.5,3,M,Unisex,2025-05-19 19:04:29.851
Crewneck 673,2803360.0,4.7,3,L,Men,2025-05-19 19:04:29.851
T-shirt 674,3156640.0,3.1,3,XL,Women,2025-05-19 19:04:29.851
T-shirt 680,8164800.0,3.2,3,XXL,Women,2025-05-19 19:04:29.851
Outerwear 677,4657440.0,3.3,3,M,Women,2025-05-19 19:04:29.851
Jacket 678,2777120.0,4.3,3,L,Unisex,2025-05-19 19:04:29.851
Crewneck 679,6373120.0,3.2,3,XL,Men,2025-05-19 19:04:29.851
Jacket 666,4844000.0,3.9,3,S,Unisex,2025-05-19 19:04:29.850
T-shirt 662,1422720.0,4.5,3,M,Women,2025-05-19 19:04:29.850
Hoodie 663,7087200.0,4.0,3,L,Unisex,2025-05-19 19:04:29.850
Outerwear 665,4033600.0,3.2,3,XXL,Women,2025-05-19 19:04:29.850
Pants 664,8248639.999999999,3.5,3,XL,Men,2025-05-19 19:04:29.850
Crewneck 667,1756640.0,3.7,3,M,Men,2025-05-19 19:04:29.850
T-shirt 668,5044640.0,3.7,3,L,Women,2025-05-19 19:04:29.850
Hoodie 669,2346080.0,3.3,3,XL,Unisex,2025-05-19 19:04:29.850
Pants 670,8406720.0,4.8,3,XXL,Men,2025-05-19 19:04:29.850
Jacket 660,8715200.0,3.5,3,XXL,Unisex,2025-05-19 19:04:28.757
Outerwear 659,1817920.0,3.3,3,XL,Women,2025-05-19 19:04:28.757
Crewneck 655,1834240.0,4.1,3,XXL,Men,2025-05-19 19:04:28.756
Pants 652,6084960.0,3.3,3,M,Men,2025-05-19 19:04:28.756
Outerwear 653,2622080.0,4.0,3,L,Women,2025-05-19 19:04:28.756
Jacket 654,4089440.0,4.7,3,XL,Unisex,2025-05-19 19:04:28.756
Hoodie 657,8459040.0,4.8,3,M,Unisex,2025-05-19 19:04:28.756
T-shirt 656,2538720.0,4.2,3,S,Women,2025-05-19 19:04:28.756
Pants 658,6268320.0,3.8,3,L,Men,2025-05-19 19:04:28.756
Hoodie 645,3285440.0,3.3,3,XXL,Unisex,2025-05-19 19:04:28.755
Jacket 642,7747360.0,4.7,3,M,Unisex,2025-05-19 19:04:28.755
Crewneck 643,6116000.0,3.2,3,L,Men,2025-05-19 19:04:28.755
T-shirt 644,7479360.0,4.2,3,XL,Women,2025-05-19 19:04:28.755
T-shirt 650,8012800.0,3.4,3,XXL,Women,2025-05-19 19:04:28.755
Outerwear 647,4304960.0,3.8,3,M,Women,2025-05-19 19:04:28.755
Jacket 648,8699520.0,4.5,3,L,Unisex,2025-05-19 19:04:28.755
Crewneck 649,8588160.0,3.2,3,XL,Men,2025-05-19 19:04:28.755
Pants 640,3038560.0,3.8,3,XXL,Men,2025-05-19 19:04:27.666
Hoodie 639,6782720.0,4.7,3,XL,Unisex,2025-05-19 19:04:27.666
Hoodie 633,3128000.0,3.1,3,L,Unisex,2025-05-19 19:04:27.664
Pants 628,8113120.0,4.3,3,L,Men,2025-05-19 19:04:27.664
Hoodie 627,1232320.0,3.2,3,M,Unisex,2025-05-19 19:04:27.664
Jacket 630,1003680.0,3.8,3,XXL,Unisex,2025-05-19 19:04:27.664
T-shirt 632,4314240.0,3.6,3,M,Women,2025-05-19 19:04:27.664
Outerwear 629,3997920.0,4.4,3,XL,Women,2025-05-19 19:04:27.664
Pants 634,8535680.0,3.9,3,XL,Men,2025-05-19 19:04:27.664
Jacket 636,3476320.0,4.5,3,S,Unisex,2025-05-19 19:04:27.664
Crewneck 637,6030240.0,4.0,3,M,Men,2025-05-19 19:04:27.664
T-shirt 638,5220960.0,4.6,3,L,Women,2025-05-19 19:04:27.664
Outerwear 635,6897120.0,4.1,3,XXL,Women,2025-05-19 19:04:27.664
T-shirt 626,7777440.0,4.5,3,S,Women,2025-05-19 19:04:27.663
Crewneck 625,7826400.0,4.1,3,XXL,Men,2025-05-19 19:04:27.663
Jacket 624,6943200.0,3.9,3,XL,Unisex,2025-05-19 19:04:27.663
Outerwear 623,7299520.0,4.6,3,L,Women,2025-05-19 19:04:27.663
Pants 622,4849600.0,3.5,3,M,Men,2025-05-19 19:04:27.663
Crewneck 619,8340639.999999999,4.4,3,XL,Men,2025-05-19 19:04:26.573
Jacket 618,6474080.0,3.3,3,L,Unisex,2025-05-19 19:04:26.573
Outerwear 617,1765920.0,4.3,3,M,Women,2025-05-19 19:04:26.573
T-shirt 620,2270240.0,3.3,3,XXL,Women,2025-05-19 19:04:26.573
Hoodie 615,4798720.0,4.8,3,XXL,Unisex,2025-05-19 19:04:26.572
T-shirt 614,2428160.0,3.1,3,XL,Women,2025-05-19 19:04:26.572
Crewneck 613,1013920.0,3.6,3,L,Men,2025-05-19 19:04:26.571
Jacket 612,3202720.0,3.1,3,M,Unisex,2025-05-19 19:04:26.571
Pants 610,4515360.0,3.3,3,XXL,Men,2025-05-19 19:04:26.570
Hoodie 609,2956320.0,4.1,3,XL,Unisex,2025-05-19 19:04:26.570
T-shirt 608,7047840.0,4.6,3,L,Women,2025-05-19 19:04:26.570
Crewneck 607,3857600.0,3.1,3,M,Men,2025-05-19 19:04:26.570
Jacket 606,5770720.0,4.6,3,S,Unisex,2025-05-19 19:04:26.569
Outerwear 605,1710720.0,3.7,3,XXL,Women,2025-05-19 19:04:26.569
Pants 604,7662240.0,4.3,3,XL,Men,2025-05-19 19:04:26.569
Hoodie 603,7511520.0,3.1,3,L,Unisex,2025-05-19 19:04:26.569
T-shirt 602,2260960.0,4.4,3,M,Women,2025-05-19 19:04:26.568
Jacket 600,6414080.0,3.0,3,XXL,Unisex,2025-05-19 19:04:25.376
Outerwear 599,1179040.0,3.3,3,XL,Women,2025-05-19 19:04:25.376
Hoodie 597,7969440.0,3.3,3,M,Unisex,2025-05-19 19:04:25.375
T-shirt 596,8290400.0,4.4,3,S,Women,2025-05-19 19:04:25.375
Crewneck 595,3723840.0,3.5,3,XXL,Men,2025-05-19 19:04:25.375
Jacket 594,8707680.0,4.2,3,XL,Unisex,2025-05-19 19:04:25.375
Outerwear 593,7163840.0,3.9,3,L,Women,2025-05-19 19:04:25.375
Pants 592,6805440.0,4.3,3,M,Men,2025-05-19 19:04:25.375
Pants 598,4714080.0,4.1,3,L,Men,2025-05-19 19:04:25.375
T-shirt 590,6457120.0,3.9,3,XXL,Women,2025-05-19 19:04:25.374
Crewneck 589,931840.0,4.7,3,XL,Men,2025-05-19 19:04:25.374
Jacket 588,4963040.0,4.7,3,L,Unisex,2025-05-19 19:04:25.374
Outerwear 587,4424960.0,4.4,3,M,Women,2025-05-19 19:04:25.374
Jacket 582,4112160.0,4.1,3,M,Unisex,2025-05-19 19:04:25.373
Crewneck 583,5737760.0,4.5,3,L,Men,2025-05-19 19:04:25.373
T-shirt 584,6964960.0,4.8,3,XL,Women,2025-05-19 19:04:25.373
Hoodie 585,6186880.0,4.9,3,XXL,Unisex,2025-05-19 19:04:25.373
Pants 580,2625440.0,3.3,3,XXL,Men,2025-05-19 19:04:24.272
Hoodie 579,4428640.0,4.4,3,XL,Unisex,2025-05-19 19:04:24.272
T-shirt 578,7958880.0,4.1,3,L,Women,2025-05-19 19:04:24.271
Crewneck 577,7873920.0,3.3,3,M,Men,2025-05-19 19:04:24.271
Jacket 576,805600.0,3.5,3,S,Unisex,2025-05-19 19:04:24.271
Outerwear 575,3517760.0,3.4,3,XXL,Women,2025-05-19 19:04:24.271
Pants 574,2424000.0,3.8,3,XL,Men,2025-05-19 19:04:24.271
Hoodie 573,6954080.0,4.5,3,L,Unisex,2025-05-19 19:04:24.271
T-shirt 572,4756320.0,3.2,3,M,Women,2025-05-19 19:04:24.271
Jacket 570,4000960.0,3.9,3,XXL,Unisex,2025-05-19 19:04:24.271
Outerwear 569,4966880.0,4.7,3,XL,Women,2025-05-19 19:04:24.271
Outerwear 563,8197440.000000001,4.7,3,L,Women,2025-05-19 19:04:24.270
Crewneck 565,7635200.0,3.5,3,XXL,Men,2025-05-19 19:04:24.270
Pants 562,3724160.0,4.5,3,M,Men,2025-05-19 19:04:24.270
Jacket 564,8319200.000000001,4.3,3,XL,Unisex,2025-05-19 19:04:24.270
Pants 568,2984160.0,3.3,3,L,Men,2025-05-19 19:04:24.270
T-shirt 566,2611360.0,4.6,3,S,Women,2025-05-19 19:04:24.270
Hoodie 567,4576160.0,3.2,3,M,Unisex,2025-05-19 19:04:24.270
Crewneck 559,1590880.0,3.5,3,XL,Men,2025-05-19 19:04:23.181
T-shirt 560,6885280.0,4.2,3,XXL,Women,2025-05-19 19:04:23.181
Jacket 558,5007040.0,4.0,3,L,Unisex,2025-05-19 19:04:23.180
Outerwear 557,5460480.0,3.4,3,M,Women,2025-05-19 19:04:23.180
Hoodie 555,1809600.0,3.0,3,XXL,Unisex,2025-05-19 19:04:23.180
T-shirt 554,4001120.0,4.5,3,XL,Women,2025-05-19 19:04:23.180
Crewneck 553,7760800.0,3.8,3,L,Men,2025-05-19 19:04:23.180
Jacket 552,5380320.0,4.1,3,M,Unisex,2025-05-19 19:04:23.180
T-shirt 548,2686240.0,4.6,3,L,Women,2025-05-19 19:04:23.179
Jacket 546,6271520.0,3.3,3,S,Unisex,2025-05-19 19:04:23.179
Hoodie 543,8715680.0,4.7,3,L,Unisex,2025-05-19 19:04:23.179
Pants 544,5957760.0,3.1,3,XL,Men,2025-05-19 19:04:23.179
Outerwear 545,3579360.0,4.0,3,XXL,Women,2025-05-19 19:04:23.179
Hoodie 549,2687200.0,3.7,3,XL,Unisex,2025-05-19 19:04:23.179
Crewneck 547,5361120.0,3.9,3,M,Men,2025-05-19 19:04:23.179
Pants 550,4450080.0,4.9,3,XXL,Men,2025-05-19 19:04:23.179
T-shirt 542,4761440.0,3.5,3,M,Women,2025-05-19 19:04:23.178
Jacket 540,7051840.0,4.4,3,XXL,Unisex,2025-05-19 19:04:22.072
Outerwear 539,4692640.0,4.7,3,XL,Women,2025-05-19 19:04:22.072
Crewneck 535,3901280.0,3.7,3,XXL,Men,2025-05-19 19:04:22.071
Outerwear 533,3370240.0,4.2,3,L,Women,2025-05-19 19:04:22.071
Pants 532,8391200.0,4.1,3,M,Men,2025-05-19 19:04:22.071
Jacket 534,3479200.0,3.7,3,XL,Unisex,2025-05-19 19:04:22.071
T-shirt 536,5092480.0,3.0,3,S,Women,2025-05-19 19:04:22.071
Hoodie 537,8671840.0,3.1,3,M,Unisex,2025-05-19 19:04:22.071
Pants 538,6134240.0,3.4,3,L,Men,2025-05-19 19:04:22.071
T-shirt 530,6173760.0,3.3,3,XXL,Women,2025-05-19 19:04:22.070
Crewneck 529,1420160.0,3.2,3,XL,Men,2025-05-19 19:04:22.070
Jacket 528,5595840.0,4.0,3,L,Unisex,2025-05-19 19:04:22.070
Outerwear 527,4669280.0,3.6,3,M,Women,2025-05-19 19:04:22.070
Hoodie 525,7919040.0,3.6,3,XXL,Unisex,2025-05-19 19:04:22.069
T-shirt 524,936000.0,3.8,3,XL,Women,2025-05-19 19:04:22.069
Crewneck 523,3626720.0,4.6,3,L,Men,2025-05-19 19:04:22.069
Jacket 522,6292960.0,4.0,3,M,Unisex,2025-05-19 19:04:22.069
Pants 520,2308320.0,3.8,3,XXL,Men,2025-05-19 19:04:20.959
Crewneck 517,1069280.0,3.5,3,M,Men,2025-05-19 19:04:20.958
T-shirt 518,2575680.0,4.1,3,L,Women,2025-05-19 19:04:20.958
Hoodie 519,2236160.0,4.5,3,XL,Unisex,2025-05-19 19:04:20.958
Jacket 516,7130720.0,3.4,3,S,Unisex,2025-05-19 19:04:20.957
Outerwear 515,7262560.0,3.1,3,XXL,Women,2025-05-19 19:04:20.957
Pants 514,6888960.0,3.9,3,XL,Men,2025-05-19 19:04:20.956
Hoodie 513,1693760.0,4.4,3,L,Unisex,2025-05-19 19:04:20.956
T-shirt 512,4319680.0,3.7,3,M,Women,2025-05-19 19:04:20.956
Jacket 510,1562080.0,3.4,3,XXL,Unisex,2025-05-19 19:04:20.955
Outerwear 509,7178400.0,3.1,3,XL,Women,2025-05-19 19:04:20.955
Pants 508,7766080.0,3.5,3,L,Men,2025-05-19 19:04:20.955
Outerwear 503,4924480.0,4.8,3,L,Women,2025-05-19 19:04:20.954
Hoodie 507,6844000.0,4.7,3,M,Unisex,2025-05-19 19:04:20.954
T-shirt 506,8572000.0,3.6,3,S,Women,2025-05-19 19:04:20.954
Crewneck 505,8747680.0,4.3,3,XXL,Men,2025-05-19 19:04:20.954
Jacket 504,8024480.0,5.0,3,XL,Unisex,2025-05-19 19:04:20.954
Pants 502,7132480.0,4.4,3,M,Men,2025-05-19 19:04:20.953
T-shirt 500,8114400.0,4.2,3,XXL,Women,2025-05-19 19:04:19.853
Crewneck 499,7825920.0,4.1,3,XL,Men,2025-05-19 19:04:19.853
Jacket 498,4412800.0,4.6,3,L,Unisex,2025-05-19 19:04:19.853
Outerwear 497,3957760.0,4.4,3,M,Women,2025-05-19 19:04:19.852
Hoodie 495,1663200.0,4.5,3,XXL,Unisex,2025-05-19 19:04:19.852
T-shirt 494,1390080.0,3.4,3,XL,Women,2025-05-19 19:04:19.852
Crewneck 493,5071520.0,4.8,3,L,Men,2025-05-19 19:04:19.851
Jacket 492,6011840.0,3.0,3,M,Unisex,2025-05-19 19:04:19.851
Pants 490,7081600.0,3.1,3,XXL,Men,2025-05-19 19:04:19.851
Hoodie 489,3554560.0,5.0,3,XL,Unisex,2025-05-19 19:04:19.851
Pants 484,6428640.0,4.1,3,XL,Men,2025-05-19 19:04:19.850
T-shirt 482,3352480.0,4.8,3,M,Women,2025-05-19 19:04:19.850
Hoodie 483,4035040.0,4.2,3,L,Unisex,2025-05-19 19:04:19.850
Outerwear 485,4044480.0,4.7,3,XXL,Women,2025-05-19 19:04:19.850
Jacket 486,2573760.0,3.0,3,S,Unisex,2025-05-19 19:04:19.850
Crewneck 487,6955520.0,3.7,3,M,Men,2025-05-19 19:04:19.850
T-shirt 488,8789760.0,3.8,3,L,Women,2025-05-19 19:04:19.850
Jacket 480,4986240.0,4.2,3,XXL,Unisex,2025-05-19 19:04:18.721
Outerwear 479,7302400.0,4.4,3,XL,Women,2025-05-19 19:04:18.721
Pants 478,4912000.0,3.8,3,L,Men,2025-05-19 19:04:18.721
Hoodie 477,6626080.0,4.2,3,M,Unisex,2025-05-19 19:04:18.720
T-shirt 476,3986240.0,4.3,3,S,Women,2025-05-19 19:04:18.720
Crewneck 475,7017280.0,4.6,3,XXL,Men,2025-05-19 19:04:18.720
Jacket 474,5864960.0,4.7,3,XL,Unisex,2025-05-19 19:04:18.719
Outerwear 473,5478080.0,4.2,3,L,Women,2025-05-19 19:04:18.719
Pants 472,3902080.0,3.1,3,M,Men,2025-05-19 19:04:18.719
Jacket 468,4584960.0,3.7,3,L,Unisex,2025-05-19 19:04:18.718
Outerwear 467,1325920.0,3.5,3,M,Women,2025-05-19 19:04:18.718
T-shirt 470,7738880.0,3.1,3,XXL,Women,2025-05-19 19:04:18.718
Crewneck 469,1738880.0,4.2,3,XL,Men,2025-05-19 19:04:18.718
Hoodie 465,6164320.0,4.7,3,XXL,Unisex,2025-05-19 19:04:18.717
T-shirt 464,6070080.0,4.5,3,XL,Women,2025-05-19 19:04:18.717
Crewneck 463,7539520.0,4.5,3,L,Men,2025-05-19 19:04:18.717
Jacket 462,6767840.0,4.5,3,M,Unisex,2025-05-19 19:04:18.716
Pants 460,1880800.0,3.6,3,XXL,Men,2025-05-19 19:04:17.598
Hoodie 459,3237280.0,3.5,3,XL,Unisex,2025-05-19 19:04:17.598
T-shirt 458,4240000.0,4.4,3,L,Women,2025-05-19 19:04:17.598
Crewneck 457,7342880.0,4.8,3,M,Men,2025-05-19 19:04:17.598
Outerwear 449,6410080.0,4.0,3,XL,Women,2025-05-19 19:04:17.597
Jacket 444,4016960.0,3.3,3,XL,Unisex,2025-05-19 19:04:17.597
Crewneck 445,3574240.0,4.5,3,XXL,Men,2025-05-19 19:04:17.597
T-shirt 446,7740160.0,3.2,3,S,Women,2025-05-19 19:04:17.597
Hoodie 447,4748640.0,4.0,3,M,Unisex,2025-05-19 19:04:17.597
Pants 448,820160.0,4.4,3,L,Men,2025-05-19 19:04:17.597
Pants 454,2179520.0,5.0,3,XL,Men,2025-05-19 19:04:17.597
Jacket 450,8754880.0,3.1,3,XXL,Unisex,2025-05-19 19:04:17.597
T-shirt 452,6892800.0,4.4,3,M,Women,2025-05-19 19:04:17.597
Hoodie 453,6576960.0,4.2,3,L,Unisex,2025-05-19 19:04:17.597
Outerwear 455,1094080.0,4.8,3,XXL,Women,2025-05-19 19:04:17.597
Jacket 456,8096000.0,4.1,3,S,Unisex,2025-05-19 19:04:17.597
Outerwear 443,7262720.0,4.2,3,L,Women,2025-05-19 19:04:17.596
Pants 442,4701600.0,4.3,3,M,Men,2025-05-19 19:04:17.596
Crewneck 439,4005440.0,3.2,3,XL,Men,2025-05-19 19:04:16.496
Jacket 438,2453120.0,4.5,3,L,Unisex,2025-05-19 19:04:16.496
T-shirt 440,5326080.0,3.0,3,XXL,Women,2025-05-19 19:04:16.496
Outerwear 437,1016800.0,3.9,3,M,Women,2025-05-19 19:04:16.495
Hoodie 435,1015680.0,4.0,3,XXL,Unisex,2025-05-19 19:04:16.495
T-shirt 434,6557120.0,4.9,3,XL,Women,2025-05-19 19:04:16.494
Crewneck 433,3872480.0,4.2,3,L,Men,2025-05-19 19:04:16.494
Jacket 432,2151840.0,4.5,3,M,Unisex,2025-05-19 19:04:16.494
Pants 430,1442080.0,3.9,3,XXL,Men,2025-05-19 19:04:16.493
Hoodie 429,1658560.0,4.9,3,XL,Unisex,2025-05-19 19:04:16.493
T-shirt 428,7053120.0,4.9,3,L,Women,2025-05-19 19:04:16.493
Crewneck 427,6375200.0,3.3,3,M,Men,2025-05-19 19:04:16.493
Pants 424,3865760.0,4.4,3,XL,Men,2025-05-19 19:04:16.492
Hoodie 423,4601760.0,3.7,3,L,Unisex,2025-05-19 19:04:16.492
Outerwear 425,2528480.0,4.8,3,XXL,Women,2025-05-19 19:04:16.492
Jacket 426,3462400.0,3.4,3,S,Unisex,2025-05-19 19:04:16.492
T-shirt 422,924320.0,3.9,3,M,Women,2025-05-19 19:04:16.491
Jacket 420,2472640.0,3.1,3,XXL,Unisex,2025-05-19 19:04:15.378
Outerwear 419,7004000.0,5.0,3,XL,Women,2025-05-19 19:04:15.377
Pants 418,6307840.0,5.0,3,L,Men,2025-05-19 19:04:15.377
Hoodie 417,2769440.0,4.6,3,M,Unisex,2025-05-19 19:04:15.377
T-shirt 416,4454080.0,3.1,3,S,Women,2025-05-19 19:04:15.377
Crewneck 415,3617440.0,3.1,3,XXL,Men,2025-05-19 19:04:15.377
Jacket 414,2234720.0,3.7,3,XL,Unisex,2025-05-19 19:04:15.377
Outerwear 413,1306400.0,3.4,3,L,Women,2025-05-19 19:04:15.377
Pants 412,5438240.0,4.4,3,M,Men,2025-05-19 19:04:15.376
Crewneck 409,3221760.0,3.5,3,XL,Men,2025-05-19 19:04:15.375
Jacket 408,4176000.0,4.9,3,L,Unisex,2025-05-19 19:04:15.375
T-shirt 410,1586720.0,3.1,3,XXL,Women,2025-05-19 19:04:15.375
Hoodie 405,5080160.0,3.8,3,XXL,Unisex,2025-05-19 19:04:15.374
T-shirt 404,3501120.0,4.9,3,XL,Women,2025-05-19 19:04:15.374
Crewneck 403,1580320.0,4.1,3,L,Men,2025-05-19 19:04:15.374
Outerwear 407,2761280.0,3.7,3,M,Women,2025-05-19 19:04:15.374
Jacket 402,2029120.0,4.6,3,M,Unisex,2025-05-19 19:04:15.373
Outerwear 395,3098720.0,4.0,3,XXL,Women,2025-05-19 19:04:14.263
Crewneck 397,855360.0,3.6,3,M,Men,2025-05-19 19:04:14.263
Pants 394,3540000.0,3.3,3,XL,Men,2025-05-19 19:04:14.263
Jacket 396,2505280.0,3.9,3,S,Unisex,2025-05-19 19:04:14.263
T-shirt 398,4592800.0,4.7,3,L,Women,2025-05-19 19:04:14.263
Hoodie 399,2523520.0,3.6,3,XL,Unisex,2025-05-19 19:04:14.263
Pants 400,6020640.0,4.7,3,XXL,Men,2025-05-19 19:04:14.263
Jacket 384,1452960.0,3.3,3,XL,Unisex,2025-05-19 19:04:14.262
Hoodie 393,4068480.0,3.2,3,L,Unisex,2025-05-19 19:04:14.262
T-shirt 392,1226080.0,4.4,3,M,Women,2025-05-19 19:04:14.262
Jacket 390,5432960.0,3.3,3,XXL,Unisex,2025-05-19 19:04:14.262
Outerwear 389,2883200.0,5.0,3,XL,Women,2025-05-19 19:04:14.262
Pants 388,931200.0,3.1,3,L,Men,2025-05-19 19:04:14.262
Hoodie 387,8418080.0,4.2,3,M,Unisex,2025-05-19 19:04:14.262
T-shirt 386,4793600.0,4.6,3,S,Women,2025-05-19 19:04:14.262
Crewneck 385,7950720.0,4.9,3,XXL,Men,2025-05-19 19:04:14.262
Pants 382,1356160.0,4.4,3,M,Men,2025-05-19 19:04:14.261
Outerwear 383,3431040.0,3.4,3,L,Women,2025-05-19 19:04:14.261
Crewneck 379,3963200.0,4.4,3,XL,Men,2025-05-19 19:04:13.166
Jacket 378,3402400.0,3.6,3,L,Unisex,2025-05-19 19:04:13.166
Outerwear 377,6802080.0,4.8,3,M,Women,2025-05-19 19:04:13.166
T-shirt 380,2547040.0,3.8,3,XXL,Women,2025-05-19 19:04:13.166
Hoodie 375,7027520.0,3.9,3,XXL,Unisex,2025-05-19 19:04:13.165
T-shirt 374,7697120.0,3.9,3,XL,Women,2025-05-19 19:04:13.165
Crewneck 373,2231040.0,3.6,3,L,Men,2025-05-19 19:04:13.165
Jacket 372,5052960.0,3.6,3,M,Unisex,2025-05-19 19:04:13.164
Pants 370,4559680.0,3.6,3,XXL,Men,2025-05-19 19:04:13.164
Hoodie 369,7204960.0,4.7,3,XL,Unisex,2025-05-19 19:04:13.164
Crewneck 367,8359360.000000001,4.9,3,M,Men,2025-05-19 19:04:13.163
Jacket 366,5854880.0,4.9,3,S,Unisex,2025-05-19 19:04:13.163
Outerwear 365,6956480.0,4.5,3,XXL,Women,2025-05-19 19:04:13.163
T-shirt 368,965120.0,3.2,3,L,Women,2025-05-19 19:04:13.163
Pants 364,4972800.0,4.8,3,XL,Men,2025-05-19 19:04:13.162
Hoodie 363,1171360.0,3.2,3,L,Unisex,2025-05-19 19:04:13.162
T-shirt 362,4776800.0,5.0,3,M,Women,2025-05-19 19:04:13.162
Jacket 360,8788320.0,4.8,3,XXL,Unisex,2025-05-19 19:04:12.013
Outerwear 359,1696480.0,4.3,3,XL,Women,2025-05-19 19:04:12.013
Pants 358,8479520.0,3.9,3,L,Men,2025-05-19 19:04:12.013
Hoodie 357,3739360.0,3.6,3,M,Unisex,2025-05-19 19:04:12.013
Outerwear 353,961600.0,3.6,3,L,Women,2025-05-19 19:04:12.012
Crewneck 349,6085600.0,3.5,3,XL,Men,2025-05-19 19:04:12.012
T-shirt 350,8047680.0,5.0,3,XXL,Women,2025-05-19 19:04:12.012
Pants 352,2838880.0,4.0,3,M,Men,2025-05-19 19:04:12.012
Jacket 348,3195040.0,4.6,3,L,Unisex,2025-05-19 19:04:12.012
Jacket 354,2294720.0,3.8,3,XL,Unisex,2025-05-19 19:04:12.012
T-shirt 356,7150080.0,4.3,3,S,Women,2025-05-19 19:04:12.012
Crewneck 355,4246560.0,3.2,3,XXL,Men,2025-05-19 19:04:12.012
Outerwear 347,6986080.0,4.7,3,M,Women,2025-05-19 19:04:12.011
Hoodie 345,7577440.0,3.3,3,XXL,Unisex,2025-05-19 19:04:12.011
T-shirt 344,3415680.0,4.5,3,XL,Women,2025-05-19 19:04:12.011
Crewneck 343,2279040.0,4.1,3,L,Men,2025-05-19 19:04:12.011
Jacket 342,1827680.0,4.8,3,M,Unisex,2025-05-19 19:04:12.011
Pants 340,5975200.0,4.3,3,XXL,Men,2025-05-19 19:04:10.912
Hoodie 339,4424800.0,4.9,3,XL,Unisex,2025-05-19 19:04:10.912
T-shirt 338,2883360.0,3.9,3,L,Women,2025-05-19 19:04:10.912
Crewneck 337,8608800.0,4.3,3,M,Men,2025-05-19 19:04:10.912
Jacket 336,6237760.0,5.0,3,S,Unisex,2025-05-19 19:04:10.912
Hoodie 333,1746080.0,4.8,3,L,Unisex,2025-05-19 19:04:10.911
T-shirt 332,2335680.0,3.4,3,M,Women,2025-05-19 19:04:10.911
Outerwear 335,2826720.0,3.0,3,XXL,Women,2025-05-19 19:04:10.911
Pants 334,2409440.0,3.8,3,XL,Men,2025-05-19 19:04:10.911
Jacket 330,1591200.0,4.3,3,XXL,Unisex,2025-05-19 19:04:10.910
Outerwear 329,6724160.0,4.7,3,XL,Women,2025-05-19 19:04:10.910
Pants 328,5732960.0,4.5,3,L,Men,2025-05-19 19:04:10.910
Hoodie 327,6641440.0,4.4,3,M,Unisex,2025-05-19 19:04:10.909
T-shirt 326,4519360.0,4.9,3,S,Women,2025-05-19 19:04:10.909
Crewneck 325,3001760.0,3.4,3,XXL,Men,2025-05-19 19:04:10.909
Jacket 324,6082720.0,3.3,3,XL,Unisex,2025-05-19 19:04:10.909
Outerwear 323,8468000.0,3.1,3,L,Women,2025-05-19 19:04:10.908
Pants 322,7810400.0,3.2,3,M,Men,2025-05-19 19:04:10.908
Jacket 318,5667200.0,3.7,3,L,Unisex,2025-05-19 19:04:09.814
Hoodie 315,7022880.0,3.1,3,XXL,Unisex,2025-05-19 19:04:09.814
Outerwear 317,5259040.0,3.3,3,M,Women,2025-05-19 19:04:09.814
T-shirt 314,6017120.0,3.2,3,XL,Women,2025-05-19 19:04:09.814
Crewneck 319,3085920.0,3.3,3,XL,Men,2025-05-19 19:04:09.814
T-shirt 320,829440.0,3.3,3,XXL,Women,2025-05-19 19:04:09.814
Crewneck 313,1948320.0,3.1,3,L,Men,2025-05-19 19:04:09.813
Jacket 312,7267040.0,3.8,3,M,Unisex,2025-05-19 19:04:09.813
Pants 310,6329280.0,4.7,3,XXL,Men,2025-05-19 19:04:09.813
Hoodie 309,3953120.0,4.8,3,XL,Unisex,2025-05-19 19:04:09.813
T-shirt 308,4086080.0,4.1,3,L,Women,2025-05-19 19:04:09.813
Crewneck 307,7735200.0,3.7,3,M,Men,2025-05-19 19:04:09.813
Jacket 306,7575040.0,4.2,3,S,Unisex,2025-05-19 19:04:09.813
Outerwear 305,6325440.0,4.5,3,XXL,Women,2025-05-19 19:04:09.813
Pants 304,7129760.0,3.4,3,XL,Men,2025-05-19 19:04:09.813
Hoodie 303,7974560.0,4.1,3,L,Unisex,2025-05-19 19:04:09.813
T-shirt 302,5711200.0,3.2,3,M,Women,2025-05-19 19:04:09.812
Outerwear 299,1947840.0,4.3,3,XL,Women,2025-05-19 19:04:08.717
Jacket 300,6408480.0,4.0,3,XXL,Unisex,2025-05-19 19:04:08.717
Pants 298,2426080.0,4.8,3,L,Men,2025-05-19 19:04:08.716
Hoodie 297,7801120.0,3.6,3,M,Unisex,2025-05-19 19:04:08.716
T-shirt 296,1172160.0,3.1,3,S,Women,2025-05-19 19:04:08.716
Crewneck 295,7266720.0,4.9,3,XXL,Men,2025-05-19 19:04:08.716
Jacket 294,5947200.0,3.8,3,XL,Unisex,2025-05-19 19:04:08.716
Outerwear 293,1176160.0,4.5,3,L,Women,2025-05-19 19:04:08.716
Pants 292,2384480.0,3.9,3,M,Men,2025-05-19 19:04:08.715
T-shirt 290,6425120.0,4.2,3,XXL,Women,2025-05-19 19:04:08.715
Crewneck 289,888000.0,4.0,3,XL,Men,2025-05-19 19:04:08.715
Jacket 288,3123040.0,4.1,3,L,Unisex,2025-05-19 19:04:08.715
Hoodie 285,3009120.0,3.2,3,XXL,Unisex,2025-05-19 19:04:08.714
Crewneck 283,6633120.0,3.2,3,L,Men,2025-05-19 19:04:08.714
T-shirt 284,6568000.0,3.6,3,XL,Women,2025-05-19 19:04:08.714
Outerwear 287,5273600.0,3.7,3,M,Women,2025-05-19 19:04:08.714
Jacket 282,2227040.0,3.0,3,M,Unisex,2025-05-19 19:04:08.713
Pants 280,7501440.0,3.9,3,XXL,Men,2025-05-19 19:04:07.596
Hoodie 279,5592320.0,4.7,3,XL,Unisex,2025-05-19 19:04:07.595
T-shirt 278,2087360.0,3.8,3,L,Women,2025-05-19 19:04:07.595
Crewneck 277,2383680.0,4.7,3,M,Men,2025-05-19 19:04:07.595
Jacket 276,1013600.0,4.3,3,S,Unisex,2025-05-19 19:04:07.595
Outerwear 275,5575360.0,4.8,3,XXL,Women,2025-05-19 19:04:07.594
Pants 274,3669280.0,4.2,3,XL,Men,2025-05-19 19:04:07.594
Hoodie 273,5291360.0,4.9,3,L,Unisex,2025-05-19 19:04:07.594
T-shirt 272,5811840.0,3.3,3,M,Women,2025-05-19 19:04:07.594
Outerwear 269,8073920.0,3.1,3,XL,Women,2025-05-19 19:04:07.593
Pants 268,5005120.0,3.6,3,L,Men,2025-05-19 19:04:07.593
Jacket 270,2569120.0,4.2,3,XXL,Unisex,2025-05-19 19:04:07.593
Hoodie 267,4086240.0,4.3,3,M,Unisex,2025-05-19 19:04:07.592
T-shirt 266,4842080.0,4.6,3,S,Women,2025-05-19 19:04:07.592
Crewneck 265,2483040.0,3.5,3,XXL,Men,2025-05-19 19:04:07.592
Jacket 264,2063040.0,4.8,3,XL,Unisex,2025-05-19 19:04:07.592
Outerwear 263,1878400.0,4.2,3,L,Women,2025-05-19 19:04:07.591
Pants 262,1097760.0,3.4,3,M,Men,2025-05-19 19:04:07.591
T-shirt 260,6271520.0,3.5,3,XXL,Women,2025-05-19 19:04:06.474
Crewneck 259,2275520.0,3.3,3,XL,Men,2025-05-19 19:04:06.474
Jacket 258,2080640.0,4.7,3,L,Unisex,2025-05-19 19:04:06.474
Outerwear 257,7073120.0,5.0,3,M,Women,2025-05-19 19:04:06.474
Hoodie 255,3668000.0,4.1,3,XXL,Unisex,2025-05-19 19:04:06.473
Crewneck 253,1854720.0,3.9,3,L,Men,2025-05-19 19:04:06.473
T-shirt 254,5984160.0,3.9,3,XL,Women,2025-05-19 19:04:06.473
Hoodie 249,2149440.0,4.2,3,XL,Unisex,2025-05-19 19:04:06.472
T-shirt 248,2280000.0,4.5,3,L,Women,2025-05-19 19:04:06.472
Jacket 252,8408480.0,3.2,3,M,Unisex,2025-05-19 19:04:06.472
Pants 250,4314240.0,3.1,3,XXL,Men,2025-05-19 19:04:06.472
Crewneck 247,8769120.0,3.0,3,M,Men,2025-05-19 19:04:06.471
Jacket 246,8735040.0,3.1,3,S,Unisex,2025-05-19 19:04:06.470
Outerwear 245,1451680.0,4.0,3,XXL,Women,2025-05-19 19:04:06.470
Pants 244,8116160.0,3.1,3,XL,Men,2025-05-19 19:04:06.470
Hoodie 243,3371680.0,3.1,3,L,Unisex,2025-05-19 19:04:06.470
T-shirt 242,4833600.0,3.4,3,M,Women,2025-05-19 19:04:06.470
Jacket 240,7600000.0,3.8,3,XXL,Unisex,2025-05-19 19:04:05.374
Outerwear 239,7934080.0,3.1,3,XL,Women,2025-05-19 19:04:05.374
Pants 238,8301920.0,3.8,3,L,Men,2025-05-19 19:04:05.374
Hoodie 237,4743520.0,3.1,3,M,Unisex,2025-05-19 19:04:05.374
Pants 232,8327360.000000001,4.0,3,M,Men,2025-05-19 19:04:05.373
Jacket 228,8076800.0,4.5,3,L,Unisex,2025-05-19 19:04:05.373
Crewneck 229,3101920.0,4.9,3,XL,Men,2025-05-19 19:04:05.373
T-shirt 230,7133280.0,4.5,3,XXL,Women,2025-05-19 19:04:05.373
T-shirt 236,5492320.0,3.9,3,S,Women,2025-05-19 19:04:05.373
Outerwear 233,847360.0,4.8,3,L,Women,2025-05-19 19:04:05.373
Jacket 234,1159200.0,4.5,3,XL,Unisex,2025-05-19 19:04:05.373
Crewneck 235,6560320.0,3.4,3,XXL,Men,2025-05-19 19:04:05.373
Outerwear 227,6742560.0,4.8,3,M,Women,2025-05-19 19:04:05.372
Hoodie 225,5232800.0,3.5,3,XXL,Unisex,2025-05-19 19:04:05.372
T-shirt 224,3534560.0,4.5,3,XL,Women,2025-05-19 19:04:05.372
Crewneck 223,952960.0,4.8,3,L,Men,2025-05-19 19:04:05.372
Jacket 222,7438080.0,3.4,3,M,Unisex,2025-05-19 19:04:05.372
Pants 220,3357600.0,3.2,3,XXL,Men,2025-05-19 19:04:04.261
Hoodie 219,5671040.0,4.6,3,XL,Unisex,2025-05-19 19:04:04.261
Crewneck 217,5772960.0,4.8,3,M,Men,2025-05-19 19:04:04.260
Jacket 216,4576480.0,4.6,3,S,Unisex,2025-05-19 19:04:04.260
Outerwear 215,1449600.0,3.8,3,XXL,Women,2025-05-19 19:04:04.260
T-shirt 218,5600320.0,3.1,3,L,Women,2025-05-19 19:04:04.260
Pants 214,4315680.0,4.9,3,XL,Men,2025-05-19 19:04:04.259
Hoodie 213,5748000.0,3.6,3,L,Unisex,2025-05-19 19:04:04.259
T-shirt 212,8794880.0,4.7,3,M,Women,2025-05-19 19:04:04.259
Jacket 210,7827360.0,4.7,3,XXL,Unisex,2025-05-19 19:04:04.258
Outerwear 209,7980640.0,4.3,3,XL,Women,2025-05-19 19:04:04.258
Pants 208,4637600.0,3.1,3,L,Men,2025-05-19 19:04:04.258
T-shirt 206,4674720.0,4.5,3,S,Women,2025-05-19 19:04:04.257
Hoodie 207,6101440.0,3.5,3,M,Unisex,2025-05-19 19:04:04.257
Outerwear 203,2144000.0,3.4,3,L,Women,2025-05-19 19:04:04.256
Pants 202,5592480.0,3.3,3,M,Men,2025-05-19 19:04:04.256
Crewneck 205,6434880.0,3.2,3,XXL,Men,2025-05-19 19:04:04.256
Jacket 204,6031040.0,3.9,3,XL,Unisex,2025-05-19 19:04:04.256
T-shirt 200,6289920.0,3.5,3,XXL,Women,2025-05-19 19:04:03.140
Crewneck 199,6744320.0,3.1,3,XL,Men,2025-05-19 19:04:03.139
Jacket 198,5435040.0,4.5,3,L,Unisex,2025-05-19 19:04:03.139
Outerwear 197,5681600.0,4.9,3,M,Women,2025-05-19 19:04:03.139
Hoodie 195,7208960.0,4.9,3,XXL,Unisex,2025-05-19 19:04:03.138
T-shirt 194,2818720.0,4.9,3,XL,Women,2025-05-19 19:04:03.138
Jacket 192,5066240.0,3.8,3,M,Unisex,2025-05-19 19:04:03.137
Crewneck 193,7355680.0,4.1,3,L,Men,2025-05-19 19:04:03.137
T-shirt 188,3927840.0,4.4,3,L,Women,2025-05-19 19:04:03.136
Crewneck 187,6663520.0,3.8,3,M,Men,2025-05-19 19:04:03.136
Hoodie 189,1946720.0,4.0,3,XL,Unisex,2025-05-19 19:04:03.136
Pants 190,2220960.0,4.5,3,XXL,Men,2025-05-19 19:04:03.136
Jacket 186,6940480.0,4.2,3,S,Unisex,2025-05-19 19:04:03.135
Outerwear 185,7822880.0,3.2,3,XXL,Women,2025-05-19 19:04:03.135
Pants 184,7759520.0,4.5,3,XL,Men,2025-05-19 19:04:03.135
Hoodie 183,3904640.0,3.6,3,L,Unisex,2025-05-19 19:04:03.135
T-shirt 182,2334880.0,3.8,3,M,Women,2025-05-19 19:04:03.135
Jacket 180,5552640.0,3.9,3,XXL,Unisex,2025-05-19 19:04:02.030
Outerwear 179,5816640.0,3.5,3,XL,Women,2025-05-19 19:04:02.030
Pants 178,6184160.0,3.0,3,L,Men,2025-05-19 19:04:02.029
Hoodie 177,1890400.0,4.6,3,M,Unisex,2025-05-19 19:04:02.029
T-shirt 176,6104320.0,3.6,3,S,Women,2025-05-19 19:04:02.029
Outerwear 173,7034560.0,4.6,3,L,Women,2025-05-19 19:04:02.028
Pants 172,1566080.0,4.9,3,M,Men,2025-05-19 19:04:02.028
Crewneck 175,8125120.0,4.5,3,XXL,Men,2025-05-19 19:04:02.028
Jacket 174,6282240.0,3.3,3,XL,Unisex,2025-05-19 19:04:02.028
T-shirt 170,6677920.0,4.5,3,XXL,Women,2025-05-19 19:04:02.027
Crewneck 169,8032800.0,4.7,3,XL,Men,2025-05-19 19:04:02.027
Jacket 168,870400.0,4.4,3,L,Unisex,2025-05-19 19:04:02.026
Outerwear 167,3273760.0,3.1,3,M,Women,2025-05-19 19:04:02.025
Hoodie 165,6921280.0,4.9,3,XXL,Unisex,2025-05-19 19:04:02.025
T-shirt 164,3512000.0,3.9,3,XL,Women,2025-05-19 19:04:02.024
Crewneck 163,7861920.0,4.4,3,L,Men,2025-05-19 19:04:02.024
Jacket 162,1543840.0,4.5,3,M,Unisex,2025-05-19 19:04:02.023
Hoodie 159,2371680.0,4.9,3,XL,Unisex,2025-05-19 19:04:00.920
Pants 160,2802880.0,3.4,3,XXL,Men,2025-05-19 19:04:00.920
Pants 154,2337440.0,3.0,3,XL,Men,2025-05-19 19:04:00.919
Jacket 156,6645120.0,3.6,3,S,Unisex,2025-05-19 19:04:00.919
Outerwear 155,3783200.0,4.1,3,XXL,Women,2025-05-19 19:04:00.919
T-shirt 158,7321120.0,4.0,3,L,Women,2025-05-19 19:04:00.919
Crewneck 157,1105760.0,4.0,3,M,Men,2025-05-19 19:04:00.919
Hoodie 153,2660640.0,4.3,3,L,Unisex,2025-05-19 19:04:00.918
T-shirt 152,6288640.0,4.2,3,M,Women,2025-05-19 19:04:00.918
Jacket 150,1500640.0,3.6,3,XXL,Unisex,2025-05-19 19:04:00.917
Outerwear 149,3105920.0,3.2,3,XL,Women,2025-05-19 19:04:00.917
Pants 148,6033440.0,4.7,3,L,Men,2025-05-19 19:04:00.917
Hoodie 147,3052800.0,5.0,3,M,Unisex,2025-05-19 19:04:00.916
T-shirt 146,7688640.0,4.3,3,S,Women,2025-05-19 19:04:00.916
Crewneck 145,3472800.0,4.8,3,XXL,Men,2025-05-19 19:04:00.916
Outerwear 143,3346560.0,4.9,3,L,Women,2025-05-19 19:04:00.915
Pants 142,2325280.0,4.9,3,M,Men,2025-05-19 19:04:00.915
Jacket 144,5758240.0,4.3,3,XL,Unisex,2025-05-19 19:04:00.915
T-shirt 140,6811040.0,3.5,3,XXL,Women,2025-05-19 19:03:59.654
Crewneck 139,8053120.0,4.5,3,XL,Men,2025-05-19 19:03:59.654
Jacket 138,4635520.0,3.4,3,L,Unisex,2025-05-19 19:03:59.654
Outerwear 137,6988320.0,4.5,3,M,Women,2025-05-19 19:03:59.654
Hoodie 135,5141440.0,4.7,3,XXL,Unisex,2025-05-19 19:03:59.654
T-shirt 134,5937440.0,3.2,3,XL,Women,2025-05-19 19:03:59.654
Pants 124,7023520.0,3.2,3,XL,Men,2025-05-19 19:03:59.653
Outerwear 125,6998240.0,4.2,3,XXL,Women,2025-05-19 19:03:59.653
Crewneck 127,8311680.0,4.0,3,M,Men,2025-05-19 19:03:59.653
Hoodie 123,4498080.0,3.8,3,L,Unisex,2025-05-19 19:03:59.653
Jacket 126,4426080.0,3.9,3,S,Unisex,2025-05-19 19:03:59.653
T-shirt 128,4466720.0,3.8,3,L,Women,2025-05-19 19:03:59.653
Hoodie 129,2532480.0,4.5,3,XL,Unisex,2025-05-19 19:03:59.653
Pants 130,6603520.0,4.8,3,XXL,Men,2025-05-19 19:03:59.653
Jacket 132,6474880.0,4.2,3,M,Unisex,2025-05-19 19:03:59.653
Crewneck 133,2016320.0,4.7,3,L,Men,2025-05-19 19:03:59.653
T-shirt 122,1961920.0,3.6,3,M,Women,2025-05-19 19:03:59.652
T-shirt 116,3474560.0,3.0,3,S,Women,2025-05-19 19:03:58.536
Pants 112,4261920.0,3.3,3,M,Men,2025-05-19 19:03:58.536
Outerwear 113,4472000.0,3.7,3,L,Women,2025-05-19 19:03:58.536
Jacket 114,5386560.0,4.9,3,XL,Unisex,2025-05-19 19:03:58.536
Crewneck 115,1933280.0,4.5,3,XXL,Men,2025-05-19 19:03:58.536
Hoodie 117,3376320.0,5.0,3,M,Unisex,2025-05-19 19:03:58.536
Pants 118,5585440.0,3.2,3,L,Men,2025-05-19 19:03:58.536
Outerwear 119,3561760.0,3.4,3,XL,Women,2025-05-19 19:03:58.536
Jacket 120,7480320.0,4.0,3,XXL,Unisex,2025-05-19 19:03:58.536
Hoodie 105,5019840.0,4.2,3,XXL,Unisex,2025-05-19 19:03:58.535
Jacket 102,3840640.0,3.3,3,M,Unisex,2025-05-19 19:03:58.535
Crewneck 103,2331680.0,3.5,3,L,Men,2025-05-19 19:03:58.535
T-shirt 104,2374400.0,3.8,3,XL,Women,2025-05-19 19:03:58.535
T-shirt 110,7197120.0,4.6,3,XXL,Women,2025-05-19 19:03:58.535
Outerwear 107,6625120.0,4.0,3,M,Women,2025-05-19 19:03:58.535
Jacket 108,5551680.0,4.8,3,L,Unisex,2025-05-19 19:03:58.535
Crewneck 109,5886880.0,3.3,3,XL,Men,2025-05-19 19:03:58.535
Pants 100,2217280.0,4.6,3,XXL,Men,2025-05-19 19:03:57.452
Hoodie 99,5028000.0,3.6,3,XL,Unisex,2025-05-19 19:03:57.452
T-shirt 92,5012320.0,3.5,3,M,Women,2025-05-19 19:03:57.451
Crewneck 85,4564160.0,3.5,3,XXL,Men,2025-05-19 19:03:57.451
T-shirt 86,1670880.0,3.9,3,S,Women,2025-05-19 19:03:57.451
Hoodie 87,7870240.0,4.3,3,M,Unisex,2025-05-19 19:03:57.451
Pants 88,7590400.0,3.1,3,L,Men,2025-05-19 19:03:57.451
Outerwear 89,4856320.0,3.0,3,XL,Women,2025-05-19 19:03:57.451
Jacket 90,7160000.0,4.0,3,XXL,Unisex,2025-05-19 19:03:57.451
T-shirt 98,8596960.0,3.1,3,L,Women,2025-05-19 19:03:57.451
Hoodie 93,1365280.0,3.6,3,L,Unisex,2025-05-19 19:03:57.451
Outerwear 95,6062240.0,3.5,3,XXL,Women,2025-05-19 19:03:57.451
Jacket 96,4598240.0,4.9,3,S,Unisex,2025-05-19 19:03:57.451
Crewneck 97,6113120.0,3.9,3,M,Men,2025-05-19 19:03:57.451
Pants 94,1074880.0,4.3,3,XL,Men,2025-05-19 19:03:57.451
Jacket 84,2826080.0,4.8,3,XL,Unisex,2025-05-19 19:03:57.450
Outerwear 83,3947840.0,3.7,3,L,Women,2025-05-19 19:03:57.450
Pants 82,8315520.0,4.8,3,M,Men,2025-05-19 19:03:57.450
Outerwear 77,861760.0,3.7,3,M,Women,2025-05-19 19:03:56.256
Crewneck 73,2460320.0,3.0,3,L,Men,2025-05-19 19:03:56.256
T-shirt 74,7704800.0,3.8,3,XL,Women,2025-05-19 19:03:56.256
Hoodie 75,2101760.0,4.3,3,XXL,Unisex,2025-05-19 19:03:56.256
T-shirt 80,4178400.0,4.5,3,XXL,Women,2025-05-19 19:03:56.256
Jacket 78,2716480.0,4.3,3,L,Unisex,2025-05-19 19:03:56.256
Crewneck 79,3309600.0,4.6,3,XL,Men,2025-05-19 19:03:56.256
T-shirt 68,8025280.0,4.0,3,L,Women,2025-05-19 19:03:56.255
Jacket 66,4353120.0,3.5,3,S,Unisex,2025-05-19 19:03:56.255
Crewneck 67,8470720.0,3.5,3,M,Men,2025-05-19 19:03:56.255
Hoodie 69,1027840.0,3.6,3,XL,Unisex,2025-05-19 19:03:56.255
Pants 70,1171360.0,4.4,3,XXL,Men,2025-05-19 19:03:56.255
Jacket 72,3776000.0,4.4,3,M,Unisex,2025-05-19 19:03:56.255
Outerwear 65,2385920.0,4.1,3,XXL,Women,2025-05-19 19:03:56.254
Pants 64,7728480.0,4.0,3,XL,Men,2025-05-19 19:03:56.254
Hoodie 63,6479200.0,3.6,3,L,Unisex,2025-05-19 19:03:56.254
T-shirt 62,1376480.0,3.8,3,M,Women,2025-05-19 19:03:56.254
Jacket 60,3375520.0,4.2,3,XXL,Unisex,2025-05-19 19:03:55.132
Crewneck 55,1793760.0,3.6,3,XXL,Men,2025-05-19 19:03:55.131
Pants 52,1596480.0,4.0,3,M,Men,2025-05-19 19:03:55.131
Outerwear 53,4470880.0,4.3,3,L,Women,2025-05-19 19:03:55.131
Jacket 54,854560.0,4.2,3,XL,Unisex,2025-05-19 19:03:55.131
Pants 58,1637760.0,4.4,3,L,Men,2025-05-19 19:03:55.131
T-shirt 56,4643040.0,3.8,3,S,Women,2025-05-19 19:03:55.131
Hoodie 57,3155360.0,4.9,3,M,Unisex,2025-05-19 19:03:55.131
Outerwear 59,2254240.0,4.6,3,XL,Women,2025-05-19 19:03:55.131
Outerwear 47,6364640.0,3.2,3,M,Women,2025-05-19 19:03:55.130
T-shirt 44,3312320.0,3.0,3,XL,Women,2025-05-19 19:03:55.130
Hoodie 45,8693120.0,4.5,3,XXL,Unisex,2025-05-19 19:03:55.130
Crewneck 43,2909600.0,4.5,3,L,Men,2025-05-19 19:03:55.130
Jacket 48,4994720.0,3.4,3,L,Unisex,2025-05-19 19:03:55.130
Crewneck 49,1071200.0,4.0,3,XL,Men,2025-05-19 19:03:55.130
T-shirt 50,5932960.0,3.1,3,XXL,Women,2025-05-19 19:03:55.130
Jacket 42,6744160.0,3.7,3,M,Unisex,2025-05-19 19:03:55.129
Pants 40,5853600.0,3.1,3,XXL,Men,2025-05-19 19:03:54.006
Hoodie 39,6431200.0,4.6,3,XL,Unisex,2025-05-19 19:03:54.006
T-shirt 38,4866080.0,3.2,3,L,Women,2025-05-19 19:03:54.005
Crewneck 37,6006080.0,4.0,3,M,Men,2025-05-19 19:03:54.005
Jacket 36,7249280.0,3.7,3,S,Unisex,2025-05-19 19:03:54.005
Outerwear 35,1356160.0,3.8,3,XXL,Women,2025-05-19 19:03:54.005
Pants 34,8362719.999999999,3.8,3,XL,Men,2025-05-19 19:03:54.005
Hoodie 33,7248160.0,3.5,3,L,Unisex,2025-05-19 19:03:54.005
T-shirt 32,6657920.0,3.4,3,M,Women,2025-05-19 19:03:54.005
Pants 28,5216160.0,4.0,3,L,Men,2025-05-19 19:03:54.004
Hoodie 27,3551840.0,4.8,3,M,Unisex,2025-05-19 19:03:54.004
Jacket 30,8610240.0,3.7,3,XXL,Unisex,2025-05-19 19:03:54.004
Outerwear 29,861600.0,3.1,3,XL,Women,2025-05-19 19:03:54.004
T-shirt 26,7292320.0,4.6,3,S,Women,2025-05-19 19:03:54.003
Crewneck 25,8322559.999999999,3.3,3,XXL,Men,2025-05-19 19:03:54.003
Jacket 24,8223520.0,3.9,3,XL,Unisex,2025-05-19 19:03:54.003
Outerwear 23,4655840.0,3.7,3,L,Women,2025-05-19 19:03:54.003
Pants 22,4319680.0,4.9,3,M,Men,2025-05-19 19:03:54.002
T-shirt 14,3248800.0,3.8,3,XL,Women,2025-05-19 19:03:52.909
Outerwear 17,841600.0,3.8,3,M,Women,2025-05-19 19:03:52.909
Crewneck 13,5447200.0,3.2,3,L,Men,2025-05-19 19:03:52.909
Hoodie 15,2184160.0,3.6,3,XXL,Unisex,2025-05-19 19:03:52.909
Jacket 12,8527840.0,3.9,3,M,Unisex,2025-05-19 19:03:52.909
Jacket 18,5500000.0,3.8,3,L,Unisex,2025-05-19 19:03:52.909
Crewneck 19,1308960.0,3.6,3,XL,Men,2025-05-19 19:03:52.909
T-shirt 20,1325600.0,3.4,3,XXL,Women,2025-05-19 19:03:52.909
Outerwear 5,5145440.0,3.5,3,XXL,Women,2025-05-19 19:03:52.907
Crewneck 7,6892000.0,4.3,3,M,Men,2025-05-19 19:03:52.907
Pants 4,7476960.0,3.3,3,XL,Men,2025-05-19 19:03:52.907
Jacket 6,2453920.0,3.3,3,S,Unisex,2025-05-19 19:03:52.907
Hoodie 3,7950080.0,4.8,3,L,Unisex,2025-05-19 19:03:52.907
T-shirt 8,7802560.0,3.1,3,L,Women,2025-05-19 19:03:52.907
Hoodie 9,3972160.0,3.2,3,XL,Unisex,2025-05-19 19:03:52.907
Pants 10,3100160.0,4.2,3,XXL,Men,2025-05-19 19:03:52.907
T-shirt 2,1634400.0,3.9,3,M,Women,2025-05-19 19:03:52.907
